id,genre
17743,1
17744,4
17745,5
17746,5
17747,3
17748,1
17749,1
17750,4
17751,1
17752,4
17753,2
17754,6
17755,4
17756,6
17757,0
17758,4
17759,3
17760,4
17761,6
17762,6
17763,0
17764,1
17765,6
17766,0
17767,1
17768,4
17769,4
17770,3
17771,1
17772,0
17773,1
17774,6
17775,6
17776,1
17777,4
17778,0
17779,1
17780,5
17781,0
17782,5
17783,4
17784,4
17785,4
17786,5
17787,0
17788,0
17789,4
17790,6
17791,3
17792,1
17793,3
17794,1
17795,4
17796,2
17797,4
17798,3
17799,1
17800,4
17801,5
17802,5
17803,4
17804,3
17805,0
17806,4
17807,6
17808,1
17809,4
17810,1
17811,1
17812,4
17813,4
17814,5
17815,4
17816,3
17817,3
17818,4
17819,4
17820,0
17821,1
17822,4
17823,1
17824,4
17825,6
17826,4
17827,4
17828,4
17829,0
17830,4
17831,1
17832,3
17833,4
17834,3
17835,5
17836,1
17837,3
17838,4
17839,5
17840,5
17841,3
17842,0
17843,4
17844,6
17845,4
17846,4
17847,3
17848,6
17849,4
17850,1
17851,3
17852,3
17853,5
17854,1
17855,1
17856,4
17857,4
17858,1
17859,2
17860,0
17861,5
17862,6
17863,4
17864,4
17865,4
17866,4
17867,1
17868,5
17869,1
17870,3
17871,6
17872,4
17873,4
17874,1
17875,6
17876,1
17877,4
17878,6
17879,4
17880,6
17881,1
17882,3
17883,4
17884,3
17885,4
17886,3
17887,4
17888,3
17889,6
17890,1
17891,2
17892,4
17893,1
17894,1
17895,4
17896,1
17897,2
17898,3
17899,1
17900,1
17901,5
17902,1
17903,6
17904,2
17905,4
17906,1
17907,1
17908,0
17909,0
17910,6
17911,4
17912,5
17913,0
17914,5
17915,4
17916,1
17917,1
17918,5
17919,0
17920,4
17921,1
17922,5
17923,6
17924,3
17925,3
17926,4
17927,3
17928,1
17929,1
17930,5
17931,1
17932,0
17933,4
17934,4
17935,1
17936,5
17937,3
17938,4
17939,4
17940,1
17941,4
17942,4
17943,1
17944,3
17945,4
17946,1
17947,1
17948,5
17949,1
17950,3
17951,0
17952,0
17953,1
17954,1
17955,1
17956,4
17957,4
17958,4
17959,4
17960,3
17961,4
17962,4
17963,0
17964,1
17965,5
17966,4
17967,4
17968,1
17969,1
17970,1
17971,1
17972,1
17973,0
17974,4
17975,4
17976,4
17977,4
17978,1
17979,4
17980,1
17981,1
17982,4
17983,1
17984,4
17985,5
17986,4
17987,4
17988,5
17989,1
17990,1
17991,4
17992,4
17993,6
17994,0
17995,4
17996,4
17997,6
17998,6
17999,4
18000,1
18001,4
18002,4
18003,3
18004,4
18005,5
18006,0
18007,6
18008,4
18009,6
18010,2
18011,4
18012,4
18013,6
18014,4
18015,1
18016,1
18017,6
18018,0
18019,4
18020,4
18021,4
18022,4
18023,1
18024,1
18025,5
18026,1
18027,4
18028,3
18029,6
18030,1
18031,2
18032,6
18033,0
18034,3
18035,3
18036,4
18037,4
18038,0
18039,1
18040,5
18041,1
18042,4
18043,5
18044,6
18045,1
18046,5
18047,1
18048,4
18049,4
18050,5
18051,3
18052,1
18053,1
18054,1
18055,4
18056,3
18057,3
18058,0
18059,4
18060,2
18061,6
18062,1
18063,5
18064,4
18065,1
18066,4
18067,1
18068,1
18069,0
18070,1
18071,5
18072,1
18073,1
18074,6
18075,3
18076,4
18077,4
18078,4
18079,1
18080,1
18081,5
18082,0
18083,4
18084,0
18085,1
18086,3
18087,1
18088,4
18089,3
18090,4
18091,5
18092,0
18093,4
18094,0
18095,3
18096,6
18097,4
18098,0
18099,5
18100,0
18101,5
18102,1
18103,3
18104,4
18105,1
18106,6
18107,6
18108,5
18109,3
18110,0
18111,4
18112,0
18113,5
18114,5
18115,1
18116,1
18117,3
18118,4
18119,4
18120,1
18121,5
18122,1
18123,1
18124,0
18125,4
18126,4
18127,4
18128,4
18129,3
18130,4
18131,5
18132,6
18133,3
18134,2
18135,3
18136,4
18137,0
18138,4
18139,4
18140,4
18141,0
18142,1
18143,4
18144,4
18145,4
18146,3
18147,1
18148,0
18149,6
18150,4
18151,1
18152,6
18153,4
18154,1
18155,1
18156,1
18157,1
18158,5
18159,4
18160,1
18161,1
18162,4
18163,0
18164,4
18165,0
18166,3
18167,1
18168,0
18169,4
18170,4
18171,4
18172,1
18173,0
18174,3
18175,1
18176,0
18177,4
18178,3
18179,1
18180,3
18181,0
18182,1
18183,4
18184,4
18185,3
18186,0
18187,6
18188,4
18189,6
18190,2
18191,4
18192,1
18193,1
18194,6
18195,1
18196,4
18197,5
18198,1
18199,4
18200,2
18201,4
18202,3
18203,0
18204,4
18205,3
18206,3
18207,4
18208,0
18209,4
18210,1
18211,4
18212,3
18213,0
18214,0
18215,1
18216,3
18217,1
18218,4
18219,5
18220,2
18221,1
18222,1
18223,3
18224,0
18225,4
18226,4
18227,4
18228,6
18229,1
18230,1
18231,3
18232,4
18233,1
18234,3
18235,0
18236,0
18237,5
18238,4
18239,0
18240,6
18241,1
18242,4
18243,5
18244,2
18245,1
18246,1
18247,1
18248,3
18249,1
18250,6
18251,1
18252,4
18253,4
18254,3
18255,2
18256,1
18257,4
18258,4
18259,4
18260,1
18261,4
18262,6
18263,4
18264,1
18265,6
18266,0
18267,4
18268,1
18269,2
18270,1
18271,4
18272,4
18273,4
18274,3
18275,3
18276,4
18277,4
18278,4
18279,6
18280,0
18281,6
18282,5
18283,1
18284,6
18285,5
18286,1
18287,1
18288,4
18289,4
18290,1
18291,4
18292,4
18293,5
18294,6
18295,5
18296,1
18297,6
18298,5
18299,3
18300,1
18301,6
18302,5
18303,4
18304,3
18305,6
18306,0
18307,4
18308,1
18309,4
18310,5
18311,4
18312,4
18313,0
18314,4
18315,5
18316,0
18317,1
18318,4
18319,4
18320,6
18321,1
18322,0
18323,3
18324,5
18325,4
18326,2
18327,4
18328,0
18329,4
18330,3
18331,6
18332,3
18333,6
18334,6
18335,0
18336,3
18337,4
18338,4
18339,0
18340,0
18341,6
18342,4
18343,4
18344,5
18345,1
18346,4
18347,0
18348,1
18349,6
18350,4
18351,0
18352,1
18353,5
18354,1
18355,0
18356,1
18357,6
18358,4
18359,0
18360,4
18361,0
18362,0
18363,4
18364,4
18365,1
18366,4
18367,2
18368,0
18369,6
18370,5
18371,4
18372,0
18373,0
18374,6
18375,6
18376,3
18377,4
18378,3
18379,1
18380,5
18381,4
18382,1
18383,4
18384,4
18385,4
18386,4
18387,5
18388,4
18389,0
18390,4
18391,5
18392,3
18393,1
18394,3
18395,6
18396,6
18397,1
18398,6
18399,4
18400,0
18401,4
18402,5
18403,4
18404,3
18405,1
18406,5
18407,0
18408,6
18409,0
18410,5
18411,4
18412,0
18413,3
18414,0
18415,5
18416,3
18417,4
18418,1
18419,3
18420,1
18421,4
18422,0
18423,4
18424,3
18425,4
18426,4
18427,1
18428,1
18429,5
18430,1
18431,1
18432,5
18433,5
18434,1
18435,4
18436,1
18437,6
18438,1
18439,4
18440,4
18441,1
18442,4
18443,0
18444,4
18445,4
18446,1
18447,3
18448,4
18449,1
18450,1
18451,0
18452,0
18453,2
18454,5
18455,0
18456,5
18457,6
18458,1
18459,4
18460,4
18461,4
18462,4
18463,4
18464,5
18465,6
18466,4
18467,5
18468,0
18469,1
18470,4
18471,3
18472,1
18473,5
18474,0
18475,1
18476,6
18477,4
18478,4
18479,2
18480,4
18481,4
18482,5
18483,6
18484,0
18485,1
18486,1
18487,1
18488,4
18489,5
18490,6
18491,1
18492,4
18493,5
18494,1
18495,3
18496,0
18497,1
18498,1
18499,1
18500,1
18501,4
18502,1
18503,4
18504,1
18505,1
18506,1
18507,4
18508,6
18509,5
18510,1
18511,3
18512,3
18513,1
18514,1
18515,4
18516,4
18517,6
18518,4
18519,0
18520,6
18521,1
18522,4
18523,6
18524,3
18525,4
18526,4
18527,1
18528,1
18529,0
18530,5
18531,1
18532,4
18533,4
18534,4
18535,6
18536,0
18537,1
18538,6
18539,3
18540,1
18541,4
18542,1
18543,1
18544,1
18545,4
18546,5
18547,3
18548,6
18549,4
18550,1
18551,4
18552,4
18553,4
18554,1
18555,0
18556,1
18557,0
18558,1
18559,4
18560,4
18561,0
18562,3
18563,4
18564,4
18565,6
18566,5
18567,4
18568,4
18569,1
18570,0
18571,4
18572,1
18573,4
18574,4
18575,4
18576,1
18577,4
18578,3
18579,3
18580,4
18581,4
18582,5
18583,4
18584,4
18585,3
18586,1
18587,1
18588,4
18589,4
18590,0
18591,0
18592,1
18593,4
18594,5
18595,3
18596,1
18597,1
18598,4
18599,1
18600,5
18601,5
18602,5
18603,1
18604,4
18605,4
18606,3
18607,1
18608,4
18609,3
18610,4
18611,4
18612,1
18613,4
18614,6
18615,1
18616,4
18617,3
18618,1
18619,1
18620,4
18621,4
18622,0
18623,6
18624,4
18625,1
18626,0
18627,1
18628,1
18629,3
18630,4
18631,4
18632,5
18633,0
18634,2
18635,3
18636,1
18637,0
18638,2
18639,5
18640,5
18641,1
18642,1
18643,4
18644,5
18645,4
18646,3
18647,6
18648,3
18649,1
18650,1
18651,6
18652,1
18653,1
18654,4
18655,4
18656,4
18657,4
18658,4
18659,6
18660,4
18661,6
18662,4
18663,4
18664,1
18665,4
18666,1
18667,0
18668,5
18669,1
18670,3
18671,0
18672,5
18673,3
18674,6
18675,4
18676,4
18677,6
18678,3
18679,3
18680,4
18681,4
18682,1
18683,4
18684,1
18685,1
18686,6
18687,4
18688,6
18689,1
18690,1
18691,4
18692,6
18693,4
18694,4
18695,4
18696,1
18697,4
18698,4
18699,4
18700,4
18701,1
18702,5
18703,4
18704,4
18705,4
18706,4
18707,1
18708,5
18709,1
18710,1
18711,6
18712,1
18713,4
18714,3
18715,3
18716,6
18717,4
18718,1
18719,1
18720,0
18721,5
18722,5
18723,1
18724,3
18725,6
18726,6
18727,6
18728,1
18729,4
18730,3
18731,1
18732,6
18733,2
18734,1
18735,5
18736,4
18737,6
18738,4
18739,4
18740,4
18741,0
18742,3
18743,6
18744,0
18745,4
18746,0
18747,1
18748,4
18749,6
18750,6
18751,0
18752,0
18753,0
18754,4
18755,3
18756,1
18757,4
18758,1
18759,4
18760,1
18761,2
18762,4
18763,1
18764,3
18765,1
18766,4
18767,6
18768,0
18769,4
18770,4
18771,3
18772,4
18773,5
18774,4
18775,2
18776,1
18777,1
18778,3
18779,4
18780,1
18781,0
18782,6
18783,1
18784,6
18785,1
18786,3
18787,1
18788,1
18789,3
18790,4
18791,3
18792,3
18793,4
18794,3
18795,4
18796,4
18797,0
18798,1
18799,4
18800,6
18801,4
18802,3
18803,3
18804,6
18805,1
18806,4
18807,5
18808,4
18809,1
18810,1
18811,4
18812,1
18813,5
18814,1
18815,0
18816,4
18817,3
18818,4
18819,6
18820,4
18821,6
18822,5
18823,5
18824,5
18825,3
18826,3
18827,4
18828,4
18829,4
18830,4
18831,1
18832,5
18833,5
18834,3
18835,4
18836,4
18837,1
18838,6
18839,4
18840,2
18841,3
18842,1
18843,4
18844,3
18845,4
18846,6
18847,6
18848,1
18849,1
18850,6
18851,4
18852,3
18853,6
18854,0
18855,6
18856,1
18857,4
18858,3
18859,1
18860,1
18861,4
18862,4
18863,0
18864,4
18865,0
18866,4
18867,1
18868,4
18869,3
18870,5
18871,1
18872,5
18873,1
18874,1
18875,4
18876,4
18877,5
18878,4
18879,5
18880,4
18881,1
18882,6
18883,5
18884,6
18885,1
18886,1
18887,6
18888,1
18889,6
18890,1
18891,1
18892,1
18893,1
18894,3
18895,4
18896,0
18897,5
18898,5
18899,1
18900,1
18901,6
18902,5
18903,4
18904,1
18905,4
18906,3
18907,5
18908,4
18909,3
18910,2
18911,3
18912,1
18913,0
18914,6
18915,5
18916,4
18917,3
18918,2
18919,4
18920,4
18921,1
18922,6
18923,5
18924,4
18925,0
18926,1
18927,4
18928,4
18929,3
18930,5
18931,3
18932,1
18933,2
18934,4
18935,1
18936,1
18937,0
18938,1
18939,1
18940,1
18941,0
18942,1
18943,1
18944,0
18945,4
18946,4
18947,6
18948,4
18949,5
18950,3
18951,5
18952,6
18953,4
18954,5
18955,3
18956,5
18957,5
18958,6
18959,6
18960,1
18961,1
18962,4
18963,6
18964,5
18965,3
18966,4
18967,1
18968,4
18969,3
18970,1
18971,1
18972,4
18973,4
18974,1
18975,1
18976,6
18977,0
18978,1
18979,1
18980,1
18981,3
18982,5
18983,1
18984,0
18985,1
18986,4
18987,6
18988,5
18989,1
18990,5
18991,1
18992,0
18993,1
18994,4
18995,6
18996,2
18997,5
18998,4
18999,4
19000,5
19001,4
19002,6
19003,5
19004,4
19005,1
19006,2
19007,1
19008,3
19009,4
19010,1
19011,1
19012,3
19013,3
19014,1
19015,4
19016,4
19017,1
19018,6
19019,1
19020,0
19021,6
19022,1
19023,4
19024,1
19025,1
19026,3
19027,4
19028,1
19029,1
19030,4
19031,1
19032,5
19033,1
19034,3
19035,6
19036,4
19037,0
19038,4
19039,4
19040,6
19041,1
19042,0
19043,1
19044,3
19045,6
19046,1
19047,4
19048,6
19049,4
19050,3
19051,4
19052,6
19053,1
19054,5
19055,4
19056,0
19057,3
19058,1
19059,1
19060,6
19061,4
19062,1
19063,3
19064,3
19065,3
19066,3
19067,3
19068,1
19069,1
19070,4
19071,4
19072,4
19073,3
19074,1
19075,3
19076,3
19077,0
19078,0
19079,4
19080,2
19081,4
19082,6
19083,3
19084,6
19085,0
19086,1
19087,5
19088,6
19089,4
19090,1
19091,6
19092,2
19093,1
19094,1
19095,1
19096,4
19097,3
19098,4
19099,4
19100,4
19101,1
19102,1
19103,0
19104,5
19105,4
19106,4
19107,5
19108,6
19109,1
19110,4
19111,4
19112,4
19113,4
19114,4
19115,5
19116,0
19117,4
19118,1
19119,5
19120,4
19121,1
19122,4
19123,1
19124,1
19125,0
19126,4
19127,5
19128,4
19129,6
19130,5
19131,0
19132,1
19133,0
19134,4
19135,4
19136,6
19137,4
19138,4
19139,4
19140,3
19141,5
19142,0
19143,3
19144,4
19145,3
19146,1
19147,1
19148,5
19149,3
19150,1
19151,1
19152,1
19153,5
19154,5
19155,0
19156,0
19157,6
19158,3
19159,1
19160,3
19161,6
19162,4
19163,1
19164,1
19165,4
19166,4
19167,5
19168,6
19169,3
19170,1
19171,6
19172,4
19173,2
19174,4
19175,3
19176,4
19177,6
19178,5
19179,4
19180,3
19181,1
19182,4
19183,4
19184,4
19185,6
19186,5
19187,1
19188,4
19189,6
19190,6
19191,4
19192,1
19193,5
19194,5
19195,6
19196,4
19197,5
19198,5
19199,4
19200,4
19201,4
19202,5
19203,4
19204,1
19205,4
19206,1
19207,3
19208,1
19209,5
19210,5
19211,3
19212,3
19213,6
19214,0
19215,4
19216,1
19217,4
19218,4
19219,3
19220,0
19221,1
19222,3
19223,4
19224,6
19225,3
19226,0
19227,4
19228,4
19229,4
19230,1
19231,3
19232,2
19233,1
19234,1
19235,1
19236,5
19237,4
19238,1
19239,4
19240,1
19241,1
19242,0
19243,5
19244,4
19245,3
19246,3
19247,6
19248,1
19249,6
19250,1
19251,4
19252,4
19253,6
19254,5
19255,4
19256,3
19257,4
19258,0
19259,3
19260,0
19261,4
19262,6
19263,1
19264,6
19265,1
19266,3
19267,4
19268,4
19269,1
19270,4
19271,1
19272,0
19273,0
19274,4
19275,4
19276,1
19277,4
19278,4
19279,2
19280,6
19281,4
19282,1
19283,4
19284,1
19285,5
19286,5
19287,1
19288,3
19289,1
19290,3
19291,4
19292,3
19293,0
19294,1
19295,0
19296,3
19297,0
19298,1
19299,5
19300,5
19301,6
19302,4
19303,4
19304,3
19305,6
19306,0
19307,4
19308,5
19309,4
19310,4
19311,4
19312,3
19313,6
19314,4
19315,0
19316,1
19317,1
19318,3
19319,4
19320,1
19321,1
19322,1
19323,4
19324,1
19325,1
19326,6
19327,1
19328,5
19329,3
19330,4
19331,3
19332,0
19333,1
19334,3
19335,2
19336,0
19337,4
19338,4
19339,6
19340,1
19341,6
19342,3
19343,0
19344,5
19345,6
19346,5
19347,1
19348,5
19349,5
19350,4
19351,0
19352,1
19353,4
19354,4
19355,1
19356,1
19357,0
19358,4
19359,1
19360,4
19361,3
19362,6
19363,4
19364,4
19365,3
19366,4
19367,0
19368,0
19369,2
19370,0
19371,3
19372,3
19373,4
19374,5
19375,3
19376,1
19377,1
19378,3
19379,3
19380,4
19381,2
19382,4
19383,4
19384,3
19385,1
19386,1
19387,4
19388,5
19389,1
19390,4
19391,1
19392,2
19393,6
19394,6
19395,4
19396,4
19397,1
19398,4
19399,4
19400,4
19401,5
19402,3
19403,1
19404,4
19405,0
19406,5
19407,4
19408,3
19409,0
19410,4
19411,1
19412,4
19413,0
19414,0
19415,0
19416,1
19417,3
19418,4
19419,4
19420,5
19421,6
19422,4
19423,0
19424,3
19425,3
19426,6
19427,1
19428,1
19429,6
19430,4
19431,1
19432,0
19433,5
19434,1
19435,1
19436,1
19437,6
19438,0
19439,0
19440,2
19441,5
19442,1
19443,5
19444,0
19445,1
19446,6
19447,4
19448,4
19449,1
19450,4
19451,0
19452,4
19453,4
19454,5
19455,1
19456,1
19457,4
19458,5
19459,4
19460,0
19461,2
19462,3
19463,3
19464,4
19465,5
19466,1
19467,4
19468,4
19469,1
19470,3
19471,4
19472,1
19473,1
19474,5
19475,0
19476,5
19477,1
19478,3
19479,4
19480,4
19481,4
19482,4
19483,6
19484,5
19485,4
19486,4
19487,6
19488,6
19489,0
19490,4
19491,1
19492,4
19493,1
19494,4
19495,6
19496,1
19497,1
19498,4
19499,4
19500,1
19501,3
19502,1
19503,4
19504,4
19505,4
19506,1
19507,0
19508,3
19509,2
19510,0
19511,4
19512,1
19513,6
19514,1
19515,1
19516,4
19517,1
19518,6
19519,4
19520,1
19521,3
19522,1
19523,1
19524,6
19525,1
19526,4
19527,5
19528,0
19529,4
19530,6
19531,3
19532,3
19533,6
19534,1
19535,4
19536,5
19537,0
19538,0
19539,3
19540,1
19541,0
19542,0
19543,3
19544,1
19545,1
19546,5
19547,4
19548,3
19549,4
19550,2
19551,1
19552,3
19553,1
19554,1
19555,4
19556,3
19557,4
19558,4
19559,1
19560,5
19561,4
19562,0
19563,4
19564,4
19565,1
19566,1
19567,4
19568,6
19569,0
19570,2
19571,1
19572,3
19573,4
19574,3
19575,4
19576,4
19577,6
19578,1
19579,0
19580,4
19581,1
19582,5
19583,6
19584,5
19585,0
19586,2
19587,1
19588,4
19589,5
19590,4
19591,1
19592,4
19593,4
19594,5
19595,6
19596,6
19597,5
19598,4
19599,0
19600,2
19601,3
19602,3
19603,3
19604,4
19605,4
19606,0
19607,0
19608,1
19609,1
19610,1
19611,6
19612,4
19613,6
19614,6
19615,0
19616,6
19617,4
19618,0
19619,4
19620,0
19621,1
19622,2
19623,2
19624,1
19625,0
19626,1
19627,1
19628,4
19629,3
19630,1
19631,5
19632,3
19633,4
19634,4
19635,4
19636,1
19637,1
19638,2
19639,1
19640,4
19641,4
19642,0
19643,4
19644,3
19645,1
19646,4
19647,1
19648,6
19649,1
19650,6
19651,4
19652,3
19653,6
19654,1
19655,1
19656,4
19657,4
19658,1
19659,3
19660,3
19661,3
19662,5
19663,4
19664,4
19665,5
19666,0
19667,3
19668,4
19669,4
19670,5
19671,3
19672,4
19673,6
19674,4
19675,4
19676,1
19677,0
19678,6
19679,3
19680,4
19681,6
19682,1
19683,4
19684,3
19685,1
19686,4
19687,5
19688,1
19689,1
19690,4
19691,4
19692,6
19693,6
19694,4
19695,1
19696,0
19697,3
19698,2
19699,1
19700,1
19701,6
19702,4
19703,4
19704,1
19705,3
19706,3
19707,6
19708,4
19709,3
19710,1
19711,5
19712,0
19713,1
19714,0
19715,1
19716,0
19717,4
19718,4
19719,0
19720,6
19721,4
19722,4
19723,6
19724,4
19725,1
19726,3
19727,1
19728,3
19729,4
19730,1
19731,3
19732,4
19733,5
19734,4
19735,1
19736,1
19737,3
19738,2
19739,6
19740,1
19741,4
19742,4
19743,6
19744,6
19745,3
19746,4
19747,5
19748,1
19749,6
19750,1
19751,5
19752,3
19753,4
19754,4
19755,4
19756,3
19757,4
19758,1
19759,4
19760,5
19761,4
19762,6
19763,1
19764,5
19765,6
19766,5
19767,4
19768,0
19769,1
19770,1
19771,4
19772,5
19773,4
19774,1
19775,3
19776,6
19777,0
19778,4
19779,4
19780,4
19781,4
19782,4
19783,1
19784,1
19785,1
19786,1
19787,1
19788,5
19789,3
19790,3
19791,0
19792,4
19793,4
19794,0
19795,3
19796,5
19797,3
19798,0
19799,0
19800,0
19801,6
19802,1
19803,2
19804,5
19805,1
19806,4
19807,2
19808,4
19809,4
19810,4
19811,3
19812,3
19813,1
19814,6
19815,0
19816,4
19817,4
19818,0
19819,4
19820,4
19821,4
19822,0
19823,0
19824,6
19825,0
19826,4
19827,5
19828,6
19829,1
19830,2
19831,6
19832,6
19833,4
19834,3
19835,1
19836,4
19837,1
19838,4
19839,1
19840,6
19841,3
19842,4
19843,5
19844,4
19845,2
19846,4
19847,4
19848,4
19849,0
19850,0
19851,1
19852,4
19853,3
19854,5
19855,1
19856,6
19857,4
19858,4
19859,4
19860,1
19861,4
19862,1
19863,4
19864,1
19865,4
19866,1
19867,0
19868,2
19869,0
19870,1
19871,1
19872,4
19873,1
19874,0
19875,4
19876,6
19877,4
19878,6
19879,3
19880,6
19881,5
19882,4
19883,4
19884,4
19885,4
19886,4
19887,2
19888,1
19889,0
19890,4
19891,3
19892,0
19893,4
19894,4
19895,4
19896,4
19897,1
19898,0
19899,4
19900,4
19901,1
19902,1
19903,4
19904,5
19905,4
19906,6
19907,4
19908,6
19909,4
19910,1
19911,4
19912,2
19913,1
19914,3
19915,5
19916,4
19917,1
19918,4
19919,1
19920,3
19921,6
19922,1
19923,3
19924,1
19925,4
19926,3
19927,6
19928,1
19929,1
19930,0
19931,1
19932,4
19933,1
19934,4
19935,3
19936,4
19937,1
19938,4
19939,3
19940,1
19941,4
19942,4
19943,2
19944,1
19945,4
19946,3
19947,4
19948,1
19949,1
19950,4
19951,4
19952,0
19953,4
19954,5
19955,5
19956,1
19957,1
19958,4
19959,3
19960,1
19961,6
19962,4
19963,4
19964,4
19965,4
19966,4
19967,5
19968,0
19969,3
19970,4
19971,1
19972,4
19973,2
19974,4
19975,3
19976,0
19977,5
19978,0
19979,3
19980,4
19981,1
19982,1
19983,6
19984,4
19985,4
19986,4
19987,4
19988,1
19989,4
19990,4
19991,0
19992,0
19993,4
19994,0
19995,3
19996,3
19997,0
19998,0
19999,0
20000,6
20001,3
20002,0
20003,4
20004,4
20005,5
20006,4
20007,1
20008,1
20009,4
20010,4
20011,4
20012,5
20013,1
20014,1
20015,1
20016,4
20017,4
20018,2
20019,0
20020,5
20021,3
20022,4
20023,4
20024,1
20025,0
20026,5
20027,5
20028,4
20029,3
20030,1
20031,4
20032,5
20033,1
20034,3
20035,4
20036,4
20037,3
20038,4
20039,4
20040,0
20041,4
20042,4
20043,1
20044,1
20045,4
20046,6
20047,4
20048,3
20049,1
20050,0
20051,5
20052,4
20053,1
20054,0
20055,2
20056,4
20057,5
20058,6
20059,4
20060,0
20061,2
20062,1
20063,4
20064,3
20065,0
20066,4
20067,3
20068,6
20069,1
20070,2
20071,4
20072,3
20073,4
20074,1
20075,5
20076,6
20077,4
20078,4
20079,4
20080,4
20081,4
20082,4
20083,5
20084,1
20085,4
20086,1
20087,5
20088,6
20089,6
20090,3
20091,2
20092,5
20093,5
20094,4
20095,2
20096,1
20097,1
20098,6
20099,4
20100,3
20101,3
20102,4
20103,5
20104,1
20105,6
20106,6
20107,4
20108,6
20109,1
20110,1
20111,1
20112,4
20113,0
20114,4
20115,5
20116,4
20117,6
20118,4
20119,4
20120,4
20121,6
20122,1
20123,1
20124,1
20125,0
20126,2
20127,1
20128,1
20129,6
20130,4
20131,5
20132,1
20133,5
20134,1
20135,4
20136,4
20137,4
20138,4
20139,1
20140,1
20141,4
20142,1
20143,1
20144,4
20145,4
20146,5
20147,3
20148,1
20149,0
20150,4
20151,6
20152,1
20153,4
20154,6
20155,3
20156,3
20157,5
20158,5
20159,1
20160,4
20161,6
20162,0
20163,4
20164,1
20165,1
20166,0
20167,1
20168,4
20169,6
20170,4
20171,1
20172,4
20173,2
20174,4
20175,6
20176,5
20177,4
20178,3
20179,1
20180,1
20181,4
20182,4
20183,1
20184,3
20185,6
20186,4
20187,5
20188,4
20189,0
20190,6
20191,4
20192,0
20193,1
20194,1
20195,4
20196,4
20197,0
20198,4
20199,3
20200,1
20201,3
20202,0
20203,6
20204,5
20205,4
20206,5
20207,4
20208,1
20209,5
20210,4
20211,1
20212,3
20213,1
20214,1
20215,2
20216,0
20217,1
20218,0
20219,3
20220,0
20221,5
20222,2
20223,2
20224,0
20225,4
20226,1
20227,1
20228,1
20229,0
20230,4
20231,6
20232,4
20233,3
20234,2
20235,6
20236,1
20237,1
20238,4
20239,4
20240,1
20241,3
20242,1
20243,4
20244,5
20245,1
20246,1
20247,1
20248,1
20249,4
20250,1
20251,1
20252,1
20253,3
20254,4
20255,4
20256,3
20257,5
20258,4
20259,1
20260,1
20261,1
20262,0
20263,4
20264,4
20265,4
20266,1
20267,4
20268,4
20269,3
20270,0
20271,4
20272,0
20273,1
20274,6
20275,4
20276,1
20277,0
20278,5
20279,4
20280,1
20281,1
20282,5
20283,1
20284,1
20285,0
20286,6
20287,4
20288,6
20289,4
20290,4
20291,3
20292,4
20293,6
20294,3
20295,0
20296,1
20297,3
20298,0
20299,4
20300,2
20301,6
20302,1
20303,4
20304,1
20305,4
20306,4
20307,4
20308,4
20309,6
20310,4
20311,6
20312,1
20313,1
20314,1
20315,4
20316,4
20317,4
20318,4
20319,1
20320,3
20321,1
20322,1
20323,1
20324,5
20325,5
20326,4
20327,3
20328,4
20329,4
20330,1
20331,0
20332,6
20333,1
20334,1
20335,5
20336,0
20337,6
20338,6
20339,6
20340,4
20341,0
20342,4
20343,3
20344,4
20345,4
20346,5
20347,3
20348,4
20349,1
20350,0
20351,4
20352,1
20353,4
20354,1
20355,3
20356,4
20357,5
20358,0
20359,5
20360,1
20361,3
20362,1
20363,1
20364,3
20365,4
20366,4
20367,0
20368,5
20369,1
20370,6
20371,0
20372,4
20373,3
20374,3
20375,4
20376,4
20377,6
20378,3
20379,1
20380,4
20381,1
20382,4
20383,3
20384,5
20385,3
20386,1
20387,4
20388,5
20389,4
20390,6
20391,1
20392,6
20393,2
20394,0
20395,5
20396,1
20397,3
20398,1
20399,4
20400,6
20401,5
20402,6
20403,1
20404,4
20405,1
20406,4
20407,4
20408,3
20409,4
20410,3
20411,4
20412,1
20413,1
20414,3
20415,0
20416,4
20417,4
20418,4
20419,3
20420,5
20421,1
20422,0
20423,6
20424,1
20425,4
20426,4
20427,4
20428,6
20429,4
20430,6
20431,6
20432,6
20433,4
20434,6
20435,5
20436,1
20437,1
20438,1
20439,0
20440,3
20441,1
20442,1
20443,1
20444,0
20445,3
20446,5
20447,1
20448,1
20449,4
20450,3
20451,4
20452,6
20453,4
20454,0
20455,1
20456,1
20457,0
20458,1
20459,4
20460,4
20461,1
20462,3
20463,5
20464,4
20465,5
20466,1
20467,0
20468,4
20469,4
20470,1
20471,4
20472,0
20473,4
20474,0
20475,5
20476,4
20477,3
20478,4
20479,4
20480,5
20481,2
20482,1
20483,4
20484,4
20485,4
20486,4
20487,4
20488,0
20489,4
20490,1
20491,4
20492,4
20493,1
20494,2
20495,1
20496,6
20497,6
20498,4
20499,4
20500,1
20501,4
20502,1
20503,0
20504,5
20505,6
20506,5
20507,1
20508,4
20509,4
20510,1
20511,4
20512,2
20513,6
20514,4
20515,4
20516,1
20517,4
20518,4
20519,1
20520,6
20521,6
20522,5
20523,4
20524,1
20525,6
20526,4
20527,1
20528,1
20529,1
20530,4
20531,2
20532,0
20533,4
20534,3
20535,0
20536,6
20537,4
20538,4
20539,1
20540,0
20541,4
20542,4
20543,4
20544,1
20545,4
20546,4
20547,6
20548,6
20549,4
20550,1
20551,6
20552,1
20553,4
20554,4
20555,3
20556,1
20557,3
20558,3
20559,4
20560,4
20561,0
20562,4
20563,5
20564,4
20565,1
20566,1
20567,1
20568,4
20569,6
20570,1
20571,1
20572,1
20573,1
20574,4
20575,5
20576,4
20577,2
20578,1
20579,3
20580,5
20581,2
20582,5
20583,4
20584,4
20585,4
20586,4
20587,6
20588,3
20589,3
20590,3
20591,4
20592,4
20593,1
20594,1
20595,1
20596,4
20597,4
20598,1
20599,0
20600,5
20601,1
20602,1
20603,6
20604,3
20605,4
20606,1
20607,5
20608,0
20609,3
20610,0
20611,4
20612,4
20613,1
20614,6
20615,6
20616,0
20617,4
20618,2
20619,4
20620,5
20621,6
20622,4
20623,6
20624,4
20625,6
20626,3
20627,4
20628,6
20629,3
20630,1
20631,4
20632,1
20633,5
20634,1
20635,4
20636,4
20637,1
20638,1
20639,1
20640,4
20641,3
20642,3
20643,5
20644,4
20645,4
20646,4
20647,0
20648,4
20649,1
20650,4
20651,4
20652,4
20653,1
20654,4
20655,4
20656,1
20657,0
20658,4
20659,1
20660,1
20661,4
20662,1
20663,6
20664,1
20665,1
20666,5
20667,4
20668,3
20669,1
20670,1
20671,4
20672,3
20673,1
20674,1
20675,4
20676,4
20677,4
20678,4
20679,1
20680,5
20681,1
20682,5
20683,6
20684,3
20685,5
20686,4
20687,1
20688,1
20689,0
20690,2
20691,4
20692,4
20693,2
20694,4
20695,0
20696,3
20697,0
20698,4
20699,4
20700,3
20701,0
20702,1
20703,1
20704,1
20705,4
20706,1
20707,4
20708,1
20709,6
20710,6
20711,0
20712,4
20713,6
20714,0
20715,4
20716,6
20717,4
20718,1
20719,5
20720,2
20721,5
20722,0
20723,1
20724,4
20725,3
20726,4
20727,4
20728,4
20729,5
20730,6
20731,4
20732,5
20733,4
20734,4
20735,4
20736,5
20737,4
20738,6
20739,1
20740,6
20741,4
20742,6
20743,4
20744,6
20745,4
20746,3
20747,4
20748,5
20749,1
20750,4
20751,1
20752,1
20753,3
20754,4
20755,4
20756,4
20757,4
20758,1
20759,4
20760,1
20761,4
20762,1
20763,5
20764,4
20765,5
20766,3
20767,1
20768,3
20769,5
20770,5
20771,4
20772,1
20773,1
20774,3
20775,5
20776,4
20777,4
20778,3
20779,1
20780,4
20781,0
20782,4
20783,3
20784,4
20785,4
20786,4
20787,5
20788,4
20789,6
20790,4
20791,1
20792,6
20793,1
20794,5
20795,5
20796,4
20797,1
20798,1
20799,6
20800,3
20801,4
20802,4
20803,1
20804,1
20805,3
20806,4
20807,2
20808,1
20809,3
20810,1
20811,1
20812,4
20813,1
20814,5
20815,1
20816,3
20817,4
20818,1
20819,1
20820,0
20821,0
20822,1
20823,5
20824,4
20825,4
20826,4
20827,1
20828,6
20829,4
20830,4
20831,4
20832,4
20833,6
20834,1
20835,4
20836,1
20837,4
20838,0
20839,3
20840,6
20841,4
20842,1
20843,3
20844,5
20845,1
20846,6
20847,1
20848,2
20849,1
20850,6
20851,6
20852,1
20853,4
20854,4
20855,5
20856,3
20857,1
20858,4
20859,1
20860,4
20861,4
20862,4
20863,4
20864,4
20865,0
20866,4
20867,0
20868,6
20869,1
20870,5
20871,4
20872,4
20873,4
20874,4
20875,0
20876,4
20877,3
20878,1
20879,4
20880,4
20881,0
20882,4
20883,1
20884,6
20885,4
20886,5
20887,4
20888,4
20889,4
20890,4
20891,4
20892,6
20893,4
20894,6
20895,4
20896,5
20897,4
20898,4
20899,0
20900,4
20901,0
20902,5
20903,4
20904,6
20905,4
20906,4
20907,0
20908,4
20909,1
20910,5
20911,1
20912,4
20913,5
20914,4
20915,0
20916,5
20917,1
20918,4
20919,4
20920,1
20921,5
20922,0
20923,6
20924,1
20925,1
20926,1
20927,0
20928,0
20929,1
20930,1
20931,3
20932,5
20933,1
20934,5
20935,5
20936,4
20937,1
20938,1
20939,1
20940,4
20941,6
20942,1
20943,0
20944,1
20945,1
20946,4
20947,0
20948,0
20949,1
20950,0
20951,4
20952,4
20953,5
20954,1
20955,6
20956,4
20957,1
20958,1
20959,1
20960,4
20961,5
20962,4
20963,5
20964,4
20965,1
20966,3
20967,4
20968,4
20969,5
20970,4
20971,6
20972,4
20973,2
20974,6
20975,4
20976,0
20977,1
20978,4
20979,0
20980,0
20981,3
20982,6
20983,1
20984,4
20985,4
20986,1
20987,4
20988,4
20989,4
20990,4
20991,2
20992,5
20993,1
20994,4
20995,0
20996,0
20997,2
20998,1
20999,4
21000,4
21001,5
21002,4
21003,6
21004,4
21005,2
21006,0
21007,0
21008,1
21009,6
21010,1
21011,0
21012,4
21013,1
21014,0
21015,2
21016,1
21017,3
21018,3
21019,1
21020,5
21021,4
21022,1
21023,6
21024,1
21025,1
21026,1
21027,6
21028,5
21029,3
21030,2
21031,5
21032,1
21033,1
21034,0
21035,4
21036,5
21037,5
21038,5
21039,4
21040,6
21041,5
21042,4
21043,6
21044,5
21045,6
21046,1
21047,3
21048,0
21049,4
21050,1
21051,6
21052,4
21053,1
21054,4
21055,5
21056,6
21057,4
21058,5
21059,1
21060,2
21061,3
21062,1
21063,1
21064,0
21065,6
21066,1
21067,0
21068,4
21069,1
21070,5
21071,1
21072,1
21073,4
21074,1
21075,3
21076,0
21077,1
21078,3
21079,4
21080,0
21081,3
21082,0
21083,5
21084,4
21085,0
21086,1
21087,0
21088,4
21089,1
21090,1
21091,1
21092,0
21093,1
21094,4
21095,4
21096,0
21097,3
21098,0
21099,5
21100,2
21101,4
21102,4
21103,1
21104,2
21105,5
21106,1
21107,4
21108,4
21109,1
21110,4
21111,6
21112,0
21113,6
21114,0
21115,4
21116,4
21117,4
21118,0
21119,6
21120,1
21121,0
21122,0
21123,5
21124,1
21125,1
21126,0
21127,6
21128,0
21129,4
21130,3
21131,4
21132,4
21133,4
21134,1
21135,0
21136,4
21137,4
21138,5
21139,4
21140,0
21141,3
21142,0
21143,1
21144,6
21145,4
21146,6
21147,0
21148,6
21149,1
21150,3
21151,1
21152,1
21153,1
21154,6
21155,4
21156,1
21157,3
21158,4
21159,0
21160,1
21161,1
21162,1
21163,5
21164,6
21165,5
21166,4
21167,3
21168,1
21169,1
21170,6
21171,4
21172,4
21173,0
21174,4
21175,1
21176,0
21177,0
21178,6
21179,4
21180,4
21181,4
21182,1
21183,1
21184,4
21185,6
21186,4
21187,3
21188,1
21189,0
21190,3
21191,4
21192,0
21193,1
21194,3
21195,4
21196,0
21197,1
21198,4
21199,4
21200,4
21201,3
21202,3
21203,3
21204,6
21205,2
21206,1
21207,1
21208,5
21209,3
21210,4
21211,1
21212,1
21213,6
21214,4
21215,3
21216,4
21217,6
21218,4
21219,1
21220,5
21221,1
21222,3
21223,4
21224,0
21225,6
21226,1
21227,0
21228,4
21229,4
21230,4
21231,3
21232,4
21233,5
21234,1
21235,1
21236,1
21237,1
21238,4
21239,1
21240,1
21241,0
21242,0
21243,1
21244,0
21245,3
21246,2
21247,4
21248,6
21249,6
21250,4
21251,0
21252,6
21253,5
21254,4
21255,5
21256,4
21257,4
21258,1
21259,5
21260,4
21261,5
21262,1
21263,4
21264,4
21265,1
21266,5
21267,3
21268,4
21269,4
21270,1
21271,5
21272,1
21273,4
21274,4
21275,4
21276,6
21277,0
21278,5
21279,4
21280,1
21281,0
21282,1
21283,1
21284,3
21285,3
21286,6
21287,6
21288,3
21289,3
21290,0
21291,4
21292,1
21293,6
21294,2
21295,4
21296,4
21297,4
21298,4
21299,5
21300,0
21301,6
21302,1
21303,1
21304,0
21305,0
21306,2
21307,4
21308,1
21309,0
21310,3
21311,1
21312,1
21313,6
21314,0
21315,4
21316,4
21317,1
21318,4
21319,4
21320,1
21321,4
21322,4
21323,5
21324,0
21325,1
21326,4
21327,0
21328,6
21329,4
21330,0
21331,1
21332,0
21333,1
21334,1
21335,4
21336,0
21337,1
21338,1
21339,0
21340,6
21341,3
21342,0
21343,0
21344,2
21345,3
21346,4
21347,0
21348,4
21349,4
21350,6
21351,4
21352,1
21353,4
21354,1
21355,6
21356,4
21357,6
21358,6
21359,4
21360,1
21361,5
21362,4
21363,6
21364,1
21365,4
21366,4
21367,4
21368,1
21369,0
21370,3
21371,5
21372,1
21373,1
21374,2
21375,3
21376,3
21377,1
21378,4
21379,4
21380,3
21381,4
21382,6
21383,0
21384,4
21385,0
21386,6
21387,4
21388,1
21389,0
21390,3
21391,4
21392,4
21393,4
21394,3
21395,3
21396,6
21397,4
21398,4
21399,3
21400,1
21401,1
21402,1
21403,4
21404,1
21405,5
21406,3
21407,4
21408,2
21409,5
21410,3
21411,1
21412,4
21413,0
21414,1
21415,1
21416,1
21417,4
21418,1
21419,1
21420,1
21421,3
21422,1
21423,4
21424,5
21425,1
21426,1
21427,1
21428,4
21429,1
21430,0
21431,0
21432,0
21433,5
21434,4
21435,1
21436,1
21437,1
21438,4
21439,5
21440,4
21441,1
21442,4
21443,0
21444,1
21445,6
21446,1
21447,0
21448,3
21449,5
21450,6
21451,1
21452,3
21453,3
21454,5
21455,4
21456,1
21457,4
21458,4
21459,4
21460,4
21461,4
21462,0
21463,3
21464,3
21465,4
21466,1
21467,5
21468,6
21469,4
21470,0
21471,1
21472,4
21473,1
21474,5
21475,4
21476,1
21477,4
21478,3
21479,6
21480,6
21481,3
21482,5
21483,6
21484,6
21485,5
21486,0
21487,0
21488,1
21489,4
21490,1
21491,3
21492,4
21493,4
21494,0
21495,1
21496,4
21497,1
21498,4
21499,2
21500,1
21501,3
21502,4
21503,0
21504,1
21505,1
21506,4
21507,1
21508,4
21509,5
21510,1
21511,1
21512,4
21513,4
21514,1
21515,1
21516,4
21517,3
21518,1
21519,5
21520,6
21521,5
21522,1
21523,6
21524,0
21525,1
21526,1
21527,6
21528,4
21529,3
21530,5
21531,0
21532,4
21533,5
21534,0
21535,2
21536,4
21537,0
21538,1
21539,0
21540,1
21541,6
21542,1
21543,3
21544,1
21545,1
21546,6
21547,6
21548,1
21549,0
21550,4
21551,1
21552,4
21553,0
21554,5
21555,0
21556,6
21557,4
21558,0
21559,1
21560,4
21561,0
21562,6
21563,3
21564,3
21565,3
21566,4
21567,4
21568,3
21569,4
21570,4
21571,4
21572,1
21573,3
21574,5
21575,5
21576,1
21577,0
21578,4
21579,4
21580,1
21581,6
21582,6
21583,1
21584,5
21585,6
21586,6
21587,1
21588,4
21589,6
21590,1
21591,2
21592,6
21593,3
21594,3
21595,0
21596,1
21597,6
21598,5
21599,4
21600,5
21601,1
21602,1
21603,4
21604,1
21605,3
21606,4
21607,3
21608,1
21609,3
21610,5
21611,3
21612,6
21613,0
21614,4
21615,1
21616,6
21617,3
21618,4
21619,4
21620,4
21621,0
21622,1
21623,4
21624,3
21625,4
21626,2
21627,1
21628,0
21629,1
21630,2
21631,4
21632,1
21633,0
21634,4
21635,3
21636,4
21637,0
21638,3
21639,4
21640,4
21641,1
21642,0
21643,4
21644,4
21645,4
21646,4
21647,1
21648,0
21649,6
21650,4
21651,5
21652,1
21653,1
21654,1
21655,4
21656,1
21657,4
21658,4
21659,6
21660,5
21661,0
21662,4
21663,1
21664,1
21665,4
21666,2
21667,1
21668,1
21669,4
21670,4
21671,4
21672,1
21673,3
21674,2
21675,0
21676,4
21677,4
21678,5
21679,5
21680,3
21681,0
21682,2
21683,4
21684,0
21685,5
21686,5
21687,1
21688,1
21689,6
21690,4
21691,4
21692,5
21693,2
21694,4
21695,4
21696,1
21697,3
21698,1
21699,2
21700,1
21701,4
21702,5
21703,1
21704,4
21705,6
21706,4
21707,3
21708,1
21709,1
21710,0
21711,4
21712,4
21713,3
21714,4
21715,4
21716,4
21717,4
21718,0
21719,3
21720,3
21721,4
21722,3
21723,1
21724,0
21725,0
21726,5
21727,0
21728,1
21729,6
21730,4
21731,6
21732,5
21733,4
21734,2
21735,5
21736,0
21737,1
21738,1
21739,3
21740,3
21741,1
21742,0
21743,1
21744,6
21745,4
21746,1
21747,5
21748,0
21749,0
21750,1
21751,1
21752,1
21753,4
21754,1
21755,4
21756,6
21757,4
21758,1
21759,1
21760,4
21761,1
21762,1
21763,4
21764,6
21765,0
21766,4
21767,1
21768,5
21769,3
21770,4
21771,3
21772,4
21773,1
21774,1
21775,1
21776,1
21777,0
21778,4
21779,4
21780,3
21781,5
21782,5
21783,4
21784,4
21785,4
21786,4
21787,4
21788,3
21789,4
21790,6
21791,3
21792,1
21793,2
21794,3
21795,0
21796,0
21797,5
21798,1
21799,6
21800,1
21801,1
21802,5
21803,5
21804,4
21805,6
21806,5
21807,4
21808,1
21809,5
21810,6
21811,1
21812,4
21813,1
21814,4
21815,5
21816,5
21817,5
21818,0
21819,5
21820,1
21821,0
21822,1
21823,1
21824,1
21825,6
21826,4
21827,1
21828,4
21829,1
21830,4
21831,4
21832,2
21833,4
21834,1
21835,6
21836,0
21837,0
21838,6
21839,4
21840,5
21841,0
21842,4
21843,2
21844,2
21845,0
21846,6
21847,1
21848,4
21849,4
21850,4
21851,0
21852,4
21853,6
21854,2
21855,2
21856,4
21857,4
21858,3
21859,0
21860,2
21861,6
21862,1
21863,1
21864,6
21865,3
21866,4
21867,6
21868,1
21869,4
21870,6
21871,4
21872,0
21873,2
21874,4
21875,3
21876,5
21877,1
21878,4
21879,3
21880,4
21881,3
21882,4
21883,4
21884,3
21885,3
21886,1
21887,4
21888,4
21889,3
21890,5
21891,0
21892,4
21893,1
21894,5
21895,4
21896,1
21897,1
21898,0
21899,0
21900,4
21901,1
21902,4
21903,6
21904,1
21905,0
21906,6
21907,1
21908,6
21909,3
21910,3
21911,5
21912,4
21913,1
21914,4
21915,1
21916,4
21917,4
21918,0
21919,0
21920,1
21921,6
21922,4
21923,1
21924,4
21925,1
21926,4
21927,0
21928,1
21929,4
21930,4
21931,5
21932,0
21933,4
21934,1
21935,4
21936,4
21937,6
21938,1
21939,5
21940,1
21941,4
21942,1
21943,4
21944,3
21945,2
21946,6
21947,1
21948,1
21949,1
21950,1
21951,0
21952,3
21953,1
21954,4
21955,1
21956,3
21957,4
21958,6
21959,5
21960,6
21961,3
21962,0
21963,4
21964,1
21965,4
21966,3
21967,4
21968,4
21969,4
21970,3
21971,3
21972,1
21973,4
21974,6
21975,6
21976,4
21977,1
21978,3
21979,1
21980,0
21981,0
21982,3
21983,6
21984,1
21985,1
21986,5
21987,2
21988,0
21989,0
21990,5
21991,0
21992,1
21993,4
21994,0
21995,1
21996,4
21997,4
21998,5
21999,6
22000,1
22001,6
22002,4
22003,4
22004,1
22005,1
22006,4
22007,1
22008,3
22009,1
22010,0
22011,4
22012,3
22013,4
22014,4
22015,4
22016,4
22017,6
22018,1
22019,1
22020,1
22021,4
22022,3
22023,4
22024,1
22025,4
22026,1
22027,6
22028,3
22029,6
22030,6
22031,3
22032,4
22033,6
22034,1
22035,1
22036,3
22037,1
22038,4
22039,6
22040,4
22041,0
22042,4
22043,6
22044,4
22045,4
22046,2
22047,4
22048,3
22049,3
22050,1
22051,4
22052,4
22053,4
22054,4
22055,3
22056,1
22057,6
22058,1
22059,4
22060,1
22061,4
22062,5
22063,3
22064,4
22065,1
22066,5
22067,1
22068,4
22069,6
22070,1
22071,5
22072,6
22073,6
22074,1
22075,1
22076,1
22077,1
22078,6
22079,4
22080,5
22081,0
22082,1
22083,6
22084,4
22085,5
22086,4
22087,4
22088,3
22089,1
22090,3
22091,4
22092,6
22093,6
22094,5
22095,3
22096,1
22097,0
22098,4
22099,5
22100,5
22101,4
22102,0
22103,3
22104,4
22105,1
22106,4
22107,1
22108,4
22109,1
22110,4
22111,3
22112,4
22113,4
22114,6
22115,6
22116,1
22117,4
22118,4
22119,6
22120,4
22121,0
22122,4
22123,4
22124,4
22125,4
22126,0
22127,1
22128,4
22129,3
22130,1
22131,1
22132,0
22133,0
22134,4
22135,1
22136,6
22137,1
22138,4
22139,6
22140,1
22141,1
22142,6
22143,3
22144,4
22145,4
22146,3
22147,4
22148,0
22149,1
22150,1
22151,4
22152,4
22153,4
22154,4
22155,0
22156,0
22157,1
22158,4
22159,4
22160,4
22161,1
22162,2
22163,1
22164,4
22165,0
22166,3
22167,4
22168,4
22169,3
22170,2
22171,0
22172,1
22173,4
22174,4
22175,5
22176,6
22177,5
22178,5
22179,4
22180,6
22181,1
22182,1
22183,5
22184,1
22185,0
22186,2
22187,1
22188,5
22189,3
22190,4
22191,6
22192,5
22193,1
22194,5
22195,1
22196,1
22197,4
22198,4
22199,1
22200,4
22201,4
22202,5
22203,4
22204,6
22205,6
22206,1
22207,1
22208,6
22209,0
22210,4
22211,1
22212,4
22213,0
22214,0
22215,5
22216,1
22217,1
22218,2
22219,4
22220,4
22221,4
22222,0
22223,1
22224,4
22225,4
22226,4
22227,4
22228,1
22229,6
22230,0
22231,5
22232,1
22233,1
22234,5
22235,4
22236,4
22237,1
22238,1
22239,4
22240,1
22241,1
22242,1
22243,1
22244,5
22245,1
22246,4
22247,4
22248,1
22249,1
22250,4
22251,4
22252,4
22253,4
22254,1
22255,1
22256,4
22257,4
22258,5
22259,4
22260,5
22261,1
22262,3
22263,4
22264,0
22265,3
22266,5
22267,0
22268,6
22269,1
22270,4
22271,4
22272,6
22273,0
22274,1
22275,4
22276,4
22277,1
22278,4
22279,0
22280,4
22281,4
22282,6
22283,5
22284,4
22285,3
22286,0
22287,6
22288,4
22289,0
22290,3
22291,4
22292,1
22293,1
22294,4
22295,1
22296,4
22297,5
22298,4
22299,4
22300,6
22301,4
22302,4
22303,4
22304,4
22305,4
22306,3
22307,4
22308,3
22309,0
22310,1
22311,4
22312,4
22313,5
22314,1
22315,1
22316,5
22317,4
22318,1
22319,1
22320,4
22321,1
22322,6
22323,1
22324,4
22325,4
22326,1
22327,5
22328,1
22329,0
22330,5
22331,3
22332,4
22333,1
22334,6
22335,4
22336,5
22337,4
22338,4
22339,3
22340,1
22341,2
22342,5
22343,0
22344,0
22345,4
22346,3
22347,4
22348,4
22349,0
22350,0
22351,1
22352,6
22353,1
22354,4
22355,1
22356,0
22357,0
22358,1
22359,4
22360,3
22361,4
22362,5
22363,4
22364,1
22365,1
22366,6
22367,4
22368,6
22369,1
22370,4
22371,6
22372,1
22373,4
22374,2
22375,1
22376,3
22377,1
22378,4
22379,2
22380,1
22381,4
22382,4
22383,1
22384,4
22385,1
22386,4
22387,0
22388,0
22389,0
22390,1
22391,6
22392,5
22393,0
22394,4
22395,4
22396,1
22397,4
22398,6
22399,5
22400,4
22401,4
22402,4
22403,0
22404,4
22405,1
22406,0
22407,5
22408,3
22409,1
22410,4
22411,1
22412,4
22413,0
22414,4
22415,1
22416,4
22417,6
22418,3
22419,1
22420,6
22421,0
22422,3
22423,4
22424,6
22425,4
22426,5
22427,5
22428,4
22429,4
22430,4
22431,0
22432,4
22433,4
22434,4
22435,4
22436,5
22437,0
22438,1
22439,3
22440,1
22441,4
22442,4
22443,6
22444,6
22445,1
22446,4
22447,1
22448,4
22449,4
22450,4
22451,6
22452,6
22453,1
22454,3
22455,1
22456,3
22457,4
22458,6
22459,4
22460,4
22461,6
22462,6
22463,0
22464,1
22465,4
22466,1
22467,4
22468,3
22469,3
22470,1
22471,6
22472,1
22473,1
22474,1
22475,5
22476,1
22477,0
22478,4
22479,1
22480,5
22481,4
22482,5
22483,0
22484,3
22485,5
22486,5
22487,4
22488,3
22489,4
22490,1
22491,1
22492,3
22493,4
22494,4
22495,5
22496,4
22497,4
22498,3
22499,5
22500,1
22501,1
22502,4
22503,1
22504,4
22505,3
22506,1
22507,4
22508,1
22509,6
22510,1
22511,1
22512,5
22513,4
22514,1
22515,5
22516,4
22517,5
22518,1
22519,4
22520,4
22521,4
22522,4
22523,0
22524,4
22525,0
22526,4
22527,4
22528,4
22529,4
22530,3
22531,4
22532,4
22533,6
22534,1
22535,1
22536,5
22537,4
22538,0
22539,5
22540,4
22541,3
22542,1
22543,6
22544,1
22545,0
22546,0
22547,1
22548,6
22549,5
22550,3
22551,4
22552,2
22553,1
22554,0
22555,4
22556,4
22557,1
22558,4
22559,4
22560,4
22561,1
22562,4
22563,1
22564,1
22565,4
22566,0
22567,4
22568,5
22569,4
22570,5
22571,4
22572,4
22573,1
22574,4
22575,4
22576,5
22577,0
22578,4
22579,0
22580,5
22581,6
22582,4
22583,6
22584,4
22585,0
22586,0
22587,4
22588,4
22589,0
22590,1
22591,1
22592,3
22593,5
22594,5
22595,4
22596,4
22597,4
22598,1
22599,6
22600,3
22601,3
22602,4
22603,4
22604,5
22605,3
22606,6
22607,2
22608,1
22609,4
22610,1
22611,3
22612,0
22613,1
22614,4
22615,1
22616,4
22617,4
22618,0
22619,1
22620,4
22621,3
22622,5
22623,4
22624,4
22625,5
22626,2
22627,4
22628,4
22629,0
22630,1
22631,6
22632,6
22633,6
22634,4
22635,4
22636,4
22637,1
22638,4
22639,5
22640,4
22641,0
22642,0
22643,0
22644,2
22645,4
22646,4
22647,3
22648,1
22649,4
22650,1
22651,4
22652,4
22653,1
22654,3
22655,0
22656,4
22657,5
22658,0
22659,1
22660,4
22661,3
22662,4
22663,4
22664,5
22665,3
22666,5
22667,1
22668,4
22669,6
22670,1
22671,4
22672,4
22673,2
22674,1
22675,4
22676,4
22677,4
22678,3
22679,0
22680,4
22681,1
22682,1
22683,4
22684,5
22685,1
22686,4
22687,4
22688,4
22689,6
22690,1
22691,3
22692,5
22693,1
22694,3
22695,4
22696,3
22697,2
22698,4
22699,1
22700,4
22701,4
22702,3
22703,1
22704,4
22705,1
22706,4
22707,4
22708,1
22709,1
22710,4
22711,6
22712,4
22713,4
22714,4
22715,0
22716,3
22717,6
22718,0
22719,6
22720,4
22721,4
22722,4
22723,4
22724,5
22725,4
22726,3
22727,4
22728,6
22729,4
22730,3
22731,4
22732,4
22733,4
22734,6
22735,5
22736,4
22737,4
22738,4
22739,4
22740,4
22741,1
22742,0
22743,3
22744,3
22745,4
22746,1
22747,1
22748,4
22749,5
22750,2
22751,1
22752,1
22753,4
22754,1
22755,0
22756,5
22757,1
22758,1
22759,5
22760,6
22761,4
22762,0
22763,4
22764,5
22765,1
22766,0
22767,1
22768,1
22769,0
22770,3
22771,6
22772,0
22773,5
22774,3
22775,3
22776,1
22777,1
22778,4
22779,6
22780,1
22781,0
22782,3
22783,0
22784,1
22785,1
22786,4
22787,3
22788,0
22789,2
22790,5
22791,1
22792,3
22793,0
22794,1
22795,3
22796,0
22797,1
22798,2
22799,2
22800,1
22801,0
22802,4
22803,1
22804,4
22805,0
22806,4
22807,1
22808,5
22809,4
22810,1
22811,6
22812,1
22813,1
22814,0
22815,1
22816,1
22817,4
22818,4
22819,6
22820,4
22821,6
22822,1
22823,1
22824,5
22825,4
22826,1
22827,1
22828,1
22829,4
22830,3
22831,0
22832,4
22833,1
22834,1
22835,3
22836,6
22837,4
22838,1
22839,2
22840,4
22841,4
22842,4
22843,5
22844,6
22845,4
22846,4
22847,4
22848,3
22849,4
22850,0
22851,4
22852,1
22853,3
22854,5
22855,1
22856,6
22857,1
22858,0
22859,4
22860,4
22861,4
22862,3
22863,4
22864,3
22865,4
22866,1
22867,1
22868,4
22869,5
22870,1
22871,1
22872,6
22873,4
22874,4
22875,3
22876,3
22877,1
22878,4
22879,4
22880,1
22881,5
22882,6
22883,3
22884,0
22885,1
22886,4
22887,0
22888,5
22889,1
22890,4
22891,5
22892,3
22893,1
22894,5
22895,0
22896,4
22897,4
22898,4
22899,4
22900,6
22901,4
22902,1
22903,4
22904,1
22905,0
22906,4
22907,1
22908,4
22909,1
22910,3
22911,0
22912,1
22913,1
22914,4
22915,0
22916,0
22917,5
22918,6
22919,1
22920,4
22921,4
22922,4
22923,1
22924,1
22925,4
22926,4
22927,1
22928,3
22929,4
22930,4
22931,3
22932,4
22933,1
22934,3
22935,1
22936,6
22937,0
22938,0
22939,4
22940,4
22941,5
22942,4
22943,5
22944,5
22945,4
22946,0
22947,4
22948,0
22949,4
22950,4
22951,4
22952,1
22953,1
22954,4
22955,6
22956,4
22957,2
22958,1
22959,4
22960,3
22961,1
22962,0
22963,1
22964,0
22965,3
22966,1
22967,0
22968,1
22969,1
22970,5
22971,3
22972,3
22973,1
22974,1
22975,4
22976,1
22977,0
22978,1
22979,0
22980,1
22981,4
22982,1
22983,1
22984,4
22985,4
22986,4
22987,5
22988,4
22989,5
22990,1
22991,1
22992,4
22993,4
22994,4
22995,5
22996,4
22997,4
22998,3
22999,5
23000,4
23001,4
23002,4
23003,1
23004,0
23005,1
23006,6
23007,0
23008,6
23009,4
23010,6
23011,3
23012,1
23013,4
23014,3
23015,0
23016,1
23017,3
23018,4
23019,2
23020,3
23021,5
23022,1
23023,5
23024,4
23025,4
23026,2
23027,4
23028,4
23029,1
23030,1
23031,6
23032,4
23033,1
23034,6
23035,0
23036,3
23037,1
23038,3
23039,3
23040,1
23041,4
23042,3
23043,4
23044,6
23045,0
23046,0
23047,2
23048,1
23049,4
23050,4
23051,2
23052,1
23053,4
23054,5
23055,4
23056,4
23057,1
23058,0
23059,5
23060,4
23061,1
23062,1
23063,4
23064,3
23065,1
23066,1
23067,1
23068,6
23069,1
23070,4
23071,0
23072,6
23073,4
23074,3
23075,1
23076,1
23077,0
23078,4
23079,4
23080,1
23081,4
23082,6
23083,1
23084,0
23085,5
23086,2
23087,4
23088,4
23089,3
23090,0
23091,1
23092,1
23093,4
23094,3
23095,0
23096,5
23097,6
23098,1
23099,5
23100,0
23101,6
23102,6
23103,3
23104,6
23105,4
23106,2
23107,1
23108,3
23109,0
23110,1
23111,4
23112,1
23113,1
23114,3
23115,4
23116,0
23117,6
23118,4
23119,4
23120,1
23121,3
23122,4
23123,4
23124,4
23125,6
23126,4
23127,3
23128,4
23129,1
23130,4
23131,4
23132,6
23133,1
23134,0
23135,3
23136,2
23137,3
23138,4
23139,3
23140,6
23141,3
23142,3
23143,6
23144,2
23145,4
23146,5
23147,0
23148,1
23149,1
23150,4
23151,5
23152,0
23153,4
23154,1
23155,4
23156,1
23157,0
23158,0
23159,1
23160,1
23161,6
23162,5
23163,0
23164,4
23165,5
23166,4
23167,5
23168,4
23169,3
23170,1
23171,4
23172,0
23173,5
23174,4
23175,5
23176,4
23177,4
23178,6
23179,3
23180,2
23181,4
23182,4
23183,5
23184,6
23185,4
23186,4
23187,4
23188,1
23189,1
23190,4
23191,4
23192,6
23193,0
23194,3
23195,4
23196,4
23197,6
23198,0
23199,4
23200,1
23201,3
23202,1
23203,3
23204,1
23205,6
23206,4
23207,0
23208,6
23209,4
23210,6
23211,1
23212,4
23213,1
23214,6
23215,4
23216,0
23217,0
23218,3
23219,1
23220,1
23221,5
23222,3
23223,4
23224,1
23225,1
23226,1
23227,3
23228,3
23229,0
23230,5
23231,4
23232,5
23233,1
23234,4
23235,4
23236,0
23237,1
23238,1
23239,1
23240,6
23241,6
23242,4
23243,4
23244,0
23245,1
23246,5
23247,6
23248,4
23249,4
23250,0
23251,4
23252,0
23253,5
23254,1
23255,5
23256,1
23257,0
23258,4
23259,4
23260,4
23261,4
23262,4
23263,4
23264,1
23265,1
23266,1
23267,4
23268,0
23269,3
23270,4
23271,4
23272,6
23273,4
23274,3
23275,1
23276,1
23277,4
23278,1
23279,4
23280,3
23281,5
23282,6
23283,1
23284,1
23285,6
23286,5
23287,4
23288,1
23289,0
23290,3
23291,1
23292,3
23293,1
23294,4
23295,1
23296,4
23297,4
23298,3
23299,4
23300,4
23301,3
23302,5
23303,0
23304,6
23305,1
23306,5
23307,0
23308,3
23309,6
23310,4
23311,6
23312,5
23313,4
23314,4
23315,4
23316,4
23317,4
23318,4
23319,1
23320,0
23321,4
23322,6
23323,5
23324,4
23325,4
23326,4
23327,5
23328,6
23329,1
23330,4
23331,1
23332,3
23333,1
23334,1
23335,4
23336,0
23337,4
23338,0
23339,4
23340,5
23341,1
23342,4
23343,4
23344,4
23345,4
23346,4
23347,4
23348,4
23349,6
23350,0
23351,5
23352,2
23353,4
23354,3
23355,5
23356,6
23357,3
23358,1
23359,1
23360,4
23361,0
23362,4
23363,4
23364,0
23365,4
23366,3
23367,3
23368,4
23369,1
23370,4
23371,4
23372,1
23373,4
23374,4
23375,4
23376,5
23377,4
23378,4
23379,4
23380,3
23381,1
23382,4
23383,4
23384,4
23385,4
23386,1
23387,4
23388,3
23389,6
23390,1
23391,0
23392,3
23393,5
23394,4
23395,3
23396,0
23397,1
23398,1
23399,1
23400,1
23401,1
23402,1
23403,4
23404,1
23405,5
23406,5
23407,3
23408,4
23409,6
23410,1
23411,1
23412,1
23413,4
23414,4
23415,4
23416,4
23417,3
23418,6
23419,1
23420,4
23421,1
23422,2
23423,1
23424,1
23425,4
23426,3
23427,2
23428,6
23429,0
23430,3
23431,1
23432,6
23433,2
23434,4
23435,3
23436,4
23437,3
23438,1
23439,5
23440,1
23441,5
23442,3
23443,4
23444,0
23445,1
23446,1
23447,1
23448,0
23449,3
23450,5
23451,6
23452,1
23453,4
23454,0
23455,1
23456,1
23457,4
23458,3
23459,5
23460,0
23461,3
23462,4
23463,1
23464,6
23465,3
23466,3
23467,3
23468,6
23469,1
23470,1
23471,6
23472,1
23473,4
23474,1
23475,4
23476,6
23477,4
23478,1
23479,6
23480,0
23481,4
23482,4
23483,3
23484,1
23485,2
23486,1
23487,4
23488,6
23489,4
23490,6
23491,6
23492,1
23493,1
23494,1
23495,6
23496,4
23497,1
23498,0
23499,5
23500,1
23501,1
23502,4
23503,1
23504,2
23505,1
23506,4
23507,3
23508,1
23509,4
23510,4
23511,4
23512,4
23513,4
23514,1
23515,6
23516,3
23517,4
23518,3
23519,6
23520,1
23521,4
23522,4
23523,1
23524,1
23525,0
23526,4
23527,4
23528,4
23529,0
23530,1
23531,4
23532,4
23533,6
23534,4
23535,6
23536,2
23537,3
23538,6
23539,3
23540,1
23541,4
23542,1
23543,4
23544,3
23545,1
23546,0
23547,6
23548,4
23549,4
23550,4
23551,1
23552,0
23553,4
23554,4
23555,3
23556,4
23557,1
23558,1
23559,2
23560,6
23561,1
23562,0
23563,3
23564,1
23565,6
23566,1
23567,1
23568,3
23569,0
23570,5
23571,6
23572,1
23573,3
23574,3
23575,0
23576,1
23577,6
23578,0
23579,4
23580,3
23581,1
23582,5
23583,1
23584,4
23585,0
23586,4
23587,6
23588,1
23589,0
23590,4
23591,1
23592,4
23593,4
23594,4
23595,6
23596,0
23597,4
23598,1
23599,4
23600,5
23601,1
23602,4
23603,0
23604,4
23605,4
23606,1
23607,3
23608,1
23609,4
23610,1
23611,1
23612,0
23613,0
23614,0
23615,6
23616,0
23617,1
23618,1
23619,0
23620,1
23621,4
23622,1
23623,1
23624,1
23625,4
23626,3
23627,1
23628,0
23629,4
23630,0
23631,0
23632,1
23633,1
23634,5
23635,4
23636,0
23637,1
23638,1
23639,6
23640,1
23641,0
23642,6
23643,0
23644,3
23645,1
23646,0
23647,4
23648,4
23649,4
23650,0
23651,1
23652,1
23653,3
23654,6
23655,1
23656,1
